alloy_name,elastic_modulus,source,C11,C12,C44
MoReV2,198.29999999999998,Refractory HEA Elastic Constants (GitHub),393.26,194.96,95.88
ReV2W,212.83,Refractory HEA Elastic Constants (GitHub),414.85,202.02,107.23
CrReV2,228.26999999999998,Refractory HEA Elastic Constants (GitHub),412.58,184.31,122.5
ReV,272.74,Refractory HEA Elastic Constants (GitHub),456.37,183.63,127.99
ReV3,164.87,Refractory HEA Elastic Constants (GitHub),347.55,182.68,99.84
MoReTiV,155.14000000000001,Refractory HEA Elastic Constants (GitHub),329.43,174.29,69.89
CrReTaV,193.21000000000004,Refractory HEA Elastic Constants (GitHub),384.97,191.76,92.89
ReTaV2,133.37,Refractory HEA Elastic Constants (GitHub),322.17,188.8,57.75
ReMoTiVW,194.70000000000002,Refractory HEA Elastic Constants (GitHub),354.11,159.41,113.02
ReTiV2,166.17999999999998,Refractory HEA Elastic Constants (GitHub),313.58,147.4,67.54
MoReTaV,202.48000000000002,Refractory HEA Elastic Constants (GitHub),388.47,185.99,98.95
NbReV2,112.98999999999998,Refractory HEA Elastic Constants (GitHub),297.7,184.71,59.04
NbReVW,205.87,Refractory HEA Elastic Constants (GitHub),391.18,185.31,106.18
ReMoTaTiW,195.45,Refractory HEA Elastic Constants (GitHub),366.89,171.44,98.04
MoReTiW,212.25000000000003,Refractory HEA Elastic Constants (GitHub),398.98,186.73,102.98
ReTaTiVCr,147.78,Refractory HEA Elastic Constants (GitHub),287.12,139.34,111.34
ReNbTaVW,181.29,Refractory HEA Elastic Constants (GitHub),355.75,174.46,98.52
ReMoTiVCr,188.71999999999997,Refractory HEA Elastic Constants (GitHub),355.34,166.62,95.54
ReMoTaVW,223.57999999999998,Refractory HEA Elastic Constants (GitHub),404.03,180.45,111.83
MoNbReV,189.97000000000003,Refractory HEA Elastic Constants (GitHub),373.92,183.95,88.66
ReTiVWCr,183.92000000000002,Refractory HEA Elastic Constants (GitHub),357.99,174.07,96.88
Re2VW,285.42999999999995,Refractory HEA Elastic Constants (GitHub),506.95,221.52,147.14
ReTaTiVW,165.68,Refractory HEA Elastic Constants (GitHub),333.44,167.76,89.34
Mo2NbTa,153.10999999999999,Refractory HEA Elastic Constants (GitHub),326.96,173.85,75.53
Mo2ReTi,206.96,Refractory HEA Elastic Constants (GitHub),387.54,180.58,91.25
MoReV,249.99,Refractory HEA Elastic Constants (GitHub),441.24,191.25,137.18
CrReVW,256.11,Refractory HEA Elastic Constants (GitHub),451.42,195.31,127.81
ReVW,238.27,Refractory HEA Elastic Constants (GitHub),440.69,202.42,138.9
CrRe2V,274.04999999999995,Refractory HEA Elastic Constants (GitHub),484.33,210.28,139.39
ReMoNbTaV,216.84,Refractory HEA Elastic Constants (GitHub),378.44,161.6,95.2
CrReTaW,240.77999999999997,Refractory HEA Elastic Constants (GitHub),424.52,183.74,121.56
ReNbTiVW,176.08,Refractory HEA Elastic Constants (GitHub),338.41,162.33,77.16
ReMoNbTiW,216.24,Refractory HEA Elastic Constants (GitHub),379.13,162.89,93.84
ReMoNbTiV,179.34,Refractory HEA Elastic Constants (GitHub),339.8,160.46,85.24
MoRe2V,263.94,Refractory HEA Elastic Constants (GitHub),476.14,212.2,135.77
ReTaTiWCr,166.45,Refractory HEA Elastic Constants (GitHub),334.71,168.26,100.43
ReMoTaTiV,174.02,Refractory HEA Elastic Constants (GitHub),335.56,161.54,83.13
ReNbTaTiV,106.81999999999996,Refractory HEA Elastic Constants (GitHub),272.28,165.46,78.05
Mo2TaW,204.22,Refractory HEA Elastic Constants (GitHub),393.64,189.42,98.9
ReMoTaTiCr,181.74,Refractory HEA Elastic Constants (GitHub),345.75,164.01,87.75
ReMoTaVHf,162.66,Refractory HEA Elastic Constants (GitHub),320.33,157.67,85.13
MoReVW,269.69,Refractory HEA Elastic Constants (GitHub),464.57,194.88,133.46
ReTiW2,249.26,Refractory HEA Elastic Constants (GitHub),439.13,189.87,110.69
ReNbTaVCr,156.35,Refractory HEA Elastic Constants (GitHub),325.06,168.71,91.86
Mo2TaV,145.11999999999998,Refractory HEA Elastic Constants (GitHub),326.33,181.21,62.82
ReMoTiWCr,214.88000000000002,Refractory HEA Elastic Constants (GitHub),382.17,167.29,107.64
CrReV,265.73,Refractory HEA Elastic Constants (GitHub),437.2,171.47,139.1
ReVW2,270.03000000000003,Refractory HEA Elastic Constants (GitHub),478.92,208.89,131.87
Mo3Ti,183.28,Refractory HEA Elastic Constants (GitHub),337.44,154.16,112.08
ReNbVWCr,184.73999999999998,Refractory HEA Elastic Constants (GitHub),361.21,176.47,117.08
CrMoReTi,211.57000000000002,Refractory HEA Elastic Constants (GitHub),358.73,147.16,96.28
MoTa,177.89,Refractory HEA Elastic Constants (GitHub),345.51,167.62,81.61
Mo2TiW,148.81,Refractory HEA Elastic Constants (GitHub),327.49,178.68,66.45
ReMoNbVHf,141.18,Refractory HEA Elastic Constants (GitHub),292.3,151.12,63.61
ReMoNbTaW,220.21999999999997,Refractory HEA Elastic Constants (GitHub),395.83,175.61,109.86
MoV2W,121.15,Refractory HEA Elastic Constants (GitHub),318.18,197.03,57.7
ReNbTiWCr,159.65000000000003,Refractory HEA Elastic Constants (GitHub),328.04,168.39,96.18
Mo2ReV,241.17000000000002,Refractory HEA Elastic Constants (GitHub),431.62,190.45,124.99
ReNbTiVCr,169.6,Refractory HEA Elastic Constants (GitHub),325.7,156.1,74.01
Mo2ReTa,249.54999999999998,Refractory HEA Elastic Constants (GitHub),440.45,190.9,125.07
Mo2VW,200.28,Refractory HEA Elastic Constants (GitHub),388.06,187.78,93.12
Mo2NbV,139.78000000000003,Refractory HEA Elastic Constants (GitHub),307.47,167.69,69.91
Mo2TaTi,72.42000000000002,Refractory HEA Elastic Constants (GitHub),245.71,173.29,42.24
Mo2NbW,198.01,Refractory HEA Elastic Constants (GitHub),382.39,184.38,94.69
MoTaVW,140.74999999999997,Refractory HEA Elastic Constants (GitHub),327.83,187.08,68.34
Cr2ReV,234.60999999999999,Refractory HEA Elastic Constants (GitHub),414.08,179.47,115.67
MoTaW,205.24,Refractory HEA Elastic Constants (GitHub),400.56,195.32,118.09
MoNb2W,151.92999999999998,Refractory HEA Elastic Constants (GitHub),328.78,176.85,74.97
Mo3Ta,215.57,Refractory HEA Elastic Constants (GitHub),386.12,170.55,122.38
MoVW,188.53000000000003,Refractory HEA Elastic Constants (GitHub),369.79,181.26,112.78
MoReTaW,253.94000000000003,Refractory HEA Elastic Constants (GitHub),452.54,198.6,129.88
CrNbReV,192.45000000000002,Refractory HEA Elastic Constants (GitHub),363.91,171.46,89.65
MoVW2,237.84,Refractory HEA Elastic Constants (GitHub),426.43,188.59,114.06
MoNbReW,259.53999999999996,Refractory HEA Elastic Constants (GitHub),450.58,191.04,129.31
ReTaTiVHf,94.25,Refractory HEA Elastic Constants (GitHub),264.62,170.37,68.75
VW3,249.73,Refractory HEA Elastic Constants (GitHub),443.9,194.17,134.0
MoTaW2,241.76,Refractory HEA Elastic Constants (GitHub),430.13,188.37,116.62
TaW3,255.5,Refractory HEA Elastic Constants (GitHub),449.26,193.76,133.18
MoNb,166.82,Refractory HEA Elastic Constants (GitHub),327.27,160.45,77.97
CrMoReV,235.51999999999998,Refractory HEA Elastic Constants (GitHub),422.71,187.19,113.65
MoTiVW,137.98000000000002,Refractory HEA Elastic Constants (GitHub),296.66,158.68,65.9
Mo2NbTi,74.99000000000001,Refractory HEA Elastic Constants (GitHub),244.46,169.47,35.05
MoTa2V,144.64000000000001,Refractory HEA Elastic Constants (GitHub),307.05,162.41,67.05
MoNbTaW,144.47000000000003,Refractory HEA Elastic Constants (GitHub),329.67,185.2,69.15
MoTiW,158.29,Refractory HEA Elastic Constants (GitHub),315.77,157.48,91.9
ReMoNbTiCr,185.51000000000002,Refractory HEA Elastic Constants (GitHub),348.17,162.66,90.07
MoNbTa2,107.67000000000002,Refractory HEA Elastic Constants (GitHub),278.06,170.39,47.02
CrMoTa2,144.96000000000004,Refractory HEA Elastic Constants (GitHub),316.85,171.89,63.2
CrMoV2,100.84,Refractory HEA Elastic Constants (GitHub),296.55,195.71,43.22
TiW3,186.93999999999997,Refractory HEA Elastic Constants (GitHub),373.09,186.15,108.35
NbTaW2,121.05999999999997,Refractory HEA Elastic Constants (GitHub),319.78,198.72,59.35
MoTi,119.52,Refractory HEA Elastic Constants (GitHub),247.06,127.54,46.22
ReMoVWCr,254.34000000000003,Refractory HEA Elastic Constants (GitHub),440.47,186.13,141.98
ReMoNbVCr,181.54999999999998,Refractory HEA Elastic Constants (GitHub),357.51,175.96,105.57
Mo3Nb,231.48999999999998,Refractory HEA Elastic Constants (GitHub),390.83,159.34,135.76
ReNbTiVHf,88.44,Refractory HEA Elastic Constants (GitHub),239.71,151.27,54.56
ReNbTaWCr,169.83999999999997,Refractory HEA Elastic Constants (GitHub),345.14,175.3,104.98
Mo2TiV,64.75999999999999,Refractory HEA Elastic Constants (GitHub),234.2,169.44,23.87
NbW3,232.59,Refractory HEA Elastic Constants (GitHub),425.24,192.65,125.03
TaW,181.12,Refractory HEA Elastic Constants (GitHub),369.01,187.89,76.29
MoNbW,191.31999999999996,Refractory HEA Elastic Constants (GitHub),365.65,174.33,109.87
VW,177.3,Refractory HEA Elastic Constants (GitHub),357.62,180.32,68.25
HfMo2Ta,94.63,Refractory HEA Elastic Constants (GitHub),253.37,158.74,39.08
MoTa2Ti,165.07999999999998,Refractory HEA Elastic Constants (GitHub),296.44,131.36,65.27
MoNbTa,129.43999999999997,Refractory HEA Elastic Constants (GitHub),291.71,162.27,62.0
ReNbTaVHf,114.07999999999998,Refractory HEA Elastic Constants (GitHub),275.07,160.99,64.94
MoTaTiW,116.69999999999996,Refractory HEA Elastic Constants (GitHub),285.53,168.83,58.6
MoNb2Ta,95.70000000000002,Refractory HEA Elastic Constants (GitHub),262.97,167.27,39.5
CrV,157.07999999999998,Refractory HEA Elastic Constants (GitHub),325.82,168.74,53.49
MoNbW2,204.13,Refractory HEA Elastic Constants (GitHub),395.06,190.93,98.57
NbReW2,245.95,Refractory HEA Elastic Constants (GitHub),447.58,201.63,116.99
MoNbVW,142.21,Refractory HEA Elastic Constants (GitHub),318.43,176.22,58.32
MoTa3,137.95,Refractory HEA Elastic Constants (GitHub),304.88,166.93,71.63
CrVW2,232.03,Refractory HEA Elastic Constants (GitHub),435.63,203.6,108.76
ReMoNbTaCr,183.94,Refractory HEA Elastic Constants (GitHub),365.82,181.88,108.79
MoNbTaVW,86.10000000000002,Refractory HEA Elastic Constants (GitHub),260.99,174.89,54.19
CrMoVW,215.55,Refractory HEA Elastic Constants (GitHub),393.41,177.86,101.61
TaVW2,119.19000000000003,Refractory HEA Elastic Constants (GitHub),321.29,202.1,51.15
MoNb3,98.0,Refractory HEA Elastic Constants (GitHub),251.41,153.41,68.16
MoNb2Ti,133.92,Refractory HEA Elastic Constants (GitHub),263.13,129.21,43.99
MoNbTaWTi,118.27000000000001,Refractory HEA Elastic Constants (GitHub),264.67,146.4,71.48
CrV2W,127.87,Refractory HEA Elastic Constants (GitHub),318.44,190.57,53.74
NbW,156.79999999999998,Refractory HEA Elastic Constants (GitHub),335.28,178.48,71.02
MoTaTi,130.65999999999997,Refractory HEA Elastic Constants (GitHub),268.52,137.86,56.0
MoTiW2,140.95000000000002,Refractory HEA Elastic Constants (GitHub),329.6,188.65,62.66
CrMoTaW,212.49,Refractory HEA Elastic Constants (GitHub),378.99,166.5,102.36
HfMo2Nb,82.72,Refractory HEA Elastic Constants (GitHub),240.09,157.37,31.39
CrMoNbTa,136.49,Refractory HEA Elastic Constants (GitHub),312.79,176.3,63.58
MoNb2V,87.00999999999999,Refractory HEA Elastic Constants (GitHub),252.37,165.36,40.19
MoTaV,120.06000000000003,Refractory HEA Elastic Constants (GitHub),296.66,176.6,73.61
V3W,149.93,Refractory HEA Elastic Constants (GitHub),310.75,160.82,73.89
CrMo2V,173.93000000000004,Refractory HEA Elastic Constants (GitHub),354.22,180.29,79.25
MoTiV,101.68,Refractory HEA Elastic Constants (GitHub),236.28,134.6,62.0
MoNbTiW,98.03999999999999,Refractory HEA Elastic Constants (GitHub),262.01,163.97,51.64
MoTaV2,89.22,Refractory HEA Elastic Constants (GitHub),264.81,175.59,31.37
MoTaVWTi,109.69,Refractory HEA Elastic Constants (GitHub),286.18,176.49,83.77
Cr2VW,204.03,Refractory HEA Elastic Constants (GitHub),373.94,169.91,102.48
CrMoTaV,110.51999999999998,Refractory HEA Elastic Constants (GitHub),295.84,185.32,47.98
MoTaTiV,125.08000000000001,Refractory HEA Elastic Constants (GitHub),261.8,136.72,59.9
NbTaW,130.52,Refractory HEA Elastic Constants (GitHub),308.17,177.65,63.68
MoNbTi,104.94,Refractory HEA Elastic Constants (GitHub),235.68,130.74,56.33
NbVW2,122.80999999999997,Refractory HEA Elastic Constants (GitHub),325.33,202.52,53.64
Ta2VW,160.69,Refractory HEA Elastic Constants (GitHub),319.43,158.74,78.2
CrV3,105.32000000000002,Refractory HEA Elastic Constants (GitHub),266.92,161.6,67.86
MoNbV,105.66,Refractory HEA Elastic Constants (GitHub),262.57,156.91,68.56
Cr2ReTa,232.39000000000001,Refractory HEA Elastic Constants (GitHub),421.6,189.21,117.53
MoNbVWTi,94.54999999999998,Refractory HEA Elastic Constants (GitHub),267.21,172.66,74.65
MoTaVWCr,162.60999999999999,Refractory HEA Elastic Constants (GitHub),335.01,172.4,99.08
MoNbV2,66.91,Refractory HEA Elastic Constants (GitHub),240.82,173.91,20.51
MoVWTiCr,145.60000000000002,Refractory HEA Elastic Constants (GitHub),305.49,159.89,79.74
Cr3V,242.89000000000001,Refractory HEA Elastic Constants (GitHub),395.24,152.35,143.81
CrMoTiW,132.41,Refractory HEA Elastic Constants (GitHub),304.38,171.97,58.35
MoTiV2,117.91999999999999,Refractory HEA Elastic Constants (GitHub),255.89,137.97,45.78
CrTa2W,157.27,Refractory HEA Elastic Constants (GitHub),352.74,195.47,69.07
MoTi3,79.22000000000001,Refractory HEA Elastic Constants (GitHub),183.71,104.49,48.01
ReMoTaWCr,224.10999999999999,Refractory HEA Elastic Constants (GitHub),429.71,205.6,140.76
MoNbTaV,86.78999999999999,Refractory HEA Elastic Constants (GitHub),261.58,174.79,42.5
Cr2MoV,176.98999999999998,Refractory HEA Elastic Constants (GitHub),355.14,178.15,84.72
Nb3W,93.92000000000002,Refractory HEA Elastic Constants (GitHub),264.18,170.26,60.14
Ta3W,153.84,Refractory HEA Elastic Constants (GitHub),324.06,170.22,74.23
TaV2W,123.32000000000002,Refractory HEA Elastic Constants (GitHub),300.66,177.34,51.6
CrMoV,189.73,Refractory HEA Elastic Constants (GitHub),344.5,154.77,116.1
CrMoNb2,143.01,Refractory HEA Elastic Constants (GitHub),303.15,160.14,64.71
Nb2TaW,108.94999999999999,Refractory HEA Elastic Constants (GitHub),278.65,169.7,50.49
MoNbVWCr,167.20999999999998,Refractory HEA Elastic Constants (GitHub),322.89,155.68,100.25
TaVW,129.56,Refractory HEA Elastic Constants (GitHub),309.11,179.55,77.19
CrMoNbV,125.47000000000003,Refractory HEA Elastic Constants (GitHub),297.86,172.39,60.0
Ta2TiW,174.96,Refractory HEA Elastic Constants (GitHub),311.05,136.09,75.96
TiV,101.62,Refractory HEA Elastic Constants (GitHub),198.71,97.09,27.56
MoTaWTiCr,159.93999999999997,Refractory HEA Elastic Constants (GitHub),326.34,166.4,84.36
CrMo2Ti,128.68,Refractory HEA Elastic Constants (GitHub),303.42,174.74,60.54
MoNbTaTi,45.879999999999995,Refractory HEA Elastic Constants (GitHub),201.17,155.29,39.1
CrMoNbW,177.46,Refractory HEA Elastic Constants (GitHub),317.37,139.91,91.56
MoNbTaWCr,203.3,Refractory HEA Elastic Constants (GitHub),375.06,171.76,115.47
Cr2NbRe,227.26,Refractory HEA Elastic Constants (GitHub),404.9,177.64,107.6
NbTiW,114.19,Refractory HEA Elastic Constants (GitHub),251.91,137.72,56.57
NbV2W,63.20000000000002,Refractory HEA Elastic Constants (GitHub),245.08,181.88,30.25
TaTiW2,145.19,Refractory HEA Elastic Constants (GitHub),311.3,166.11,77.84
CrMoTaTi,94.85999999999999,Refractory HEA Elastic Constants (GitHub),253.35,158.49,52.73
TiV2W,147.35000000000002,Refractory HEA Elastic Constants (GitHub),286.11,138.76,62.12
Nb2TiW,137.18,Refractory HEA Elastic Constants (GitHub),271.73,134.55,50.61
MoNbTaVTi,90.05000000000001,Refractory HEA Elastic Constants (GitHub),228.46,138.41,46.6
TaTiW,136.55,Refractory HEA Elastic Constants (GitHub),279.69,143.14,53.37
Nb2VW,94.12,Refractory HEA Elastic Constants (GitHub),266.31,172.19,51.63
CrMo2Ta,181.66999999999996,Refractory HEA Elastic Constants (GitHub),366.78,185.11,80.62
TiW,147.26,Refractory HEA Elastic Constants (GitHub),294.12,146.86,68.25
MoTaVTiCr,78.25,Refractory HEA Elastic Constants (GitHub),247.68,169.43,76.12
CrMoTiV,56.76999999999998,Refractory HEA Elastic Constants (GitHub),225.51,168.74,28.28
MoTaWTiHf,91.26000000000002,Refractory HEA Elastic Constants (GitHub),256.16,164.9,66.31
ReMoNbWCr,224.15000000000003,Refractory HEA Elastic Constants (GitHub),420.35,196.2,140.79
TiVW2,116.1,Refractory HEA Elastic Constants (GitHub),291.18,175.08,49.82
MoNbTiV,74.57,Refractory HEA Elastic Constants (GitHub),221.67,147.1,9.73
MoNbWTiCr,139.16000000000003,Refractory HEA Elastic Constants (GitHub),298.91,159.75,78.36
MoNbWTiHf,87.48000000000002,Refractory HEA Elastic Constants (GitHub),233.4,145.92,64.49
MoNbTaVCr,128.26,Refractory HEA Elastic Constants (GitHub),290.94,162.68,57.21
NbTiW2,132.3,Refractory HEA Elastic Constants (GitHub),298.87,166.57,67.85
CrTa2V,118.12999999999997,Refractory HEA Elastic Constants (GitHub),281.28,163.15,50.45
NbTaVW,112.22999999999999,Refractory HEA Elastic Constants (GitHub),283.89,171.66,51.76
MoReW2,302.95000000000005,Refractory HEA Elastic Constants (GitHub),513.82,210.87,148.95
CrMoNbTi,91.98000000000002,Refractory HEA Elastic Constants (GitHub),246.99,155.01,47.71
HfMoNb2,129.45000000000005,Refractory HEA Elastic Constants (GitHub),256.72,127.27,36.45
Cr2MoTa,163.6,Refractory HEA Elastic Constants (GitHub),341.56,177.96,77.33
HfMo2Ti,59.01000000000002,Refractory HEA Elastic Constants (GitHub),205.55,146.54,30.15
Cr2NbV,119.07999999999998,Refractory HEA Elastic Constants (GitHub),280.77,161.69,47.16
MoNbTaTiHf,96.28,Refractory HEA Elastic Constants (GitHub),239.87,143.59,59.09
MoNbTi2,69.07,Refractory HEA Elastic Constants (GitHub),201.34,132.27,3.92
NbTaTiW,124.39000000000001,Refractory HEA Elastic Constants (GitHub),271.37,146.98,58.58
MoNbTaWHf,83.08000000000001,Refractory HEA Elastic Constants (GitHub),249.36,166.28,82.52
HfMoTi,91.86000000000001,Refractory HEA Elastic Constants (GitHub),209.02,117.16,42.38
MoNbTiHfZr,45.019999999999996,Refractory HEA Elastic Constants (GitHub),170.47,125.45,34.53
HfMoTa2,155.31,Refractory HEA Elastic Constants (GitHub),281.2,125.89,53.47
NbTiVW,144.43000000000004,Refractory HEA Elastic Constants (GitHub),275.6,131.17,52.42
MoTi2W,77.58999999999997,Refractory HEA Elastic Constants (GitHub),234.67,157.08,26.67
Nb3Ti,61.849999999999994,Refractory HEA Elastic Constants (GitHub),190.94,129.09,38.71
HfMoNb,99.95000000000002,Refractory HEA Elastic Constants (GitHub),233.99,134.04,50.24
CrMoTi,108.45000000000002,Refractory HEA Elastic Constants (GitHub),258.37,149.92,74.0
MoTi2V,75.96999999999998,Refractory HEA Elastic Constants (GitHub),199.14,123.17,90.52
CrMo2Nb,190.76999999999998,Refractory HEA Elastic Constants (GitHub),368.15,177.38,77.04
NbTaVWCr,112.53999999999999,Refractory HEA Elastic Constants (GitHub),281.51,168.97,84.05
Ti3W,83.91000000000001,Refractory HEA Elastic Constants (GitHub),190.9,106.99,43.89
MoNbTaTiCr,107.64000000000001,Refractory HEA Elastic Constants (GitHub),277.04,169.4,70.62
MoNb2Zr,97.82,Refractory HEA Elastic Constants (GitHub),229.64,131.82,14.87
CrMoW2,239.14,Refractory HEA Elastic Constants (GitHub),442.13,202.99,115.48
Cr2MoNb,161.39000000000001,Refractory HEA Elastic Constants (GitHub),340.06,178.67,76.25
CrTiW2,136.86,Refractory HEA Elastic Constants (GitHub),327.56,190.7,57.07
MoNbTaHfZr,77.66,Refractory HEA Elastic Constants (GitHub),217.97,140.31,50.12
MoTaTiZr,97.57,Refractory HEA Elastic Constants (GitHub),214.88,117.31,19.39
NbTa2V,112.93,Refractory HEA Elastic Constants (GitHub),248.72,135.79,60.66
CrReW2,281.54999999999995,Refractory HEA Elastic Constants (GitHub),495.34,213.79,140.4
ReW3,306.46000000000004,Refractory HEA Elastic Constants (GitHub),528.38,221.92,138.96
MoNbTaZr,77.4,Refractory HEA Elastic Constants (GitHub),213.88,136.48,24.67
Cr2TiV,91.77000000000001,Refractory HEA Elastic Constants (GitHub),259.17,167.4,26.89
TaTiVW,134.26,Refractory HEA Elastic Constants (GitHub),278.06,143.8,52.95
Mo2ReW,260.19,Refractory HEA Elastic Constants (GitHub),469.44,209.25,130.82
NbV3,90.06,Refractory HEA Elastic Constants (GitHub),234.21,144.15,53.14
CrNbV2,69.85999999999999,Refractory HEA Elastic Constants (GitHub),233.44,163.58,24.69
HfMoTi2,88.05999999999999,Refractory HEA Elastic Constants (GitHub),194.35,106.29,26.68
NbTaV2,74.83999999999997,Refractory HEA Elastic Constants (GitHub),231.42,156.58,34.54
MoNbTaVHf,59.44,Refractory HEA Elastic Constants (GitHub),197.98,138.54,49.64
MoTi2Zr,72.87,Refractory HEA Elastic Constants (GitHub),174.94,102.07,18.73
Mo3Re,252.93,Refractory HEA Elastic Constants (GitHub),452.04,199.11,130.09
NbVWTiCr,82.25,Refractory HEA Elastic Constants (GitHub),248.03,165.78,59.97
CrNbW2,218.41,Refractory HEA Elastic Constants (GitHub),408.58,190.17,101.21
CrTaV2,87.13,Refractory HEA Elastic Constants (GitHub),252.43,165.3,10.38
Nb3V,84.03999999999999,Refractory HEA Elastic Constants (GitHub),225.73,141.69,52.81
NbTaTi,84.6,Refractory HEA Elastic Constants (GitHub),212.63,128.03,38.38
CrTiV2,106.0,Refractory HEA Elastic Constants (GitHub),243.58,137.58,20.07
TaV3,98.82,Refractory HEA Elastic Constants (GitHub),250.29,151.47,57.27
Hf2MoTi,98.91,Refractory HEA Elastic Constants (GitHub),195.32,96.41,32.98
NbTaWTiCr,84.18,Refractory HEA Elastic Constants (GitHub),250.78,166.6,74.49
CrTiVW,115.38000000000002,Refractory HEA Elastic Constants (GitHub),281.55,166.17,60.45
HfMoTa,134.72,Refractory HEA Elastic Constants (GitHub),285.01,150.29,59.25
CrTaVW,119.45000000000002,Refractory HEA Elastic Constants (GitHub),307.11,187.66,51.51
Nb2TaTi,58.69999999999999,Refractory HEA Elastic Constants (GitHub),200.85,142.15,28.53
CrNb2V,56.02000000000001,Refractory HEA Elastic Constants (GitHub),221.96,165.94,21.33
CrMoTa,181.39,Refractory HEA Elastic Constants (GitHub),343.95,162.56,110.26
NbTa2Ti,105.9,Refractory HEA Elastic Constants (GitHub),237.05,131.15,44.79
HfNb3,72.61999999999999,Refractory HEA Elastic Constants (GitHub),193.6,120.98,40.69
TiV3,81.45999999999998,Refractory HEA Elastic Constants (GitHub),210.51,129.05,50.61
CrNbTaW,104.88,Refractory HEA Elastic Constants (GitHub),266.07,161.19,57.46
CrMoTi2,64.19999999999999,Refractory HEA Elastic Constants (GitHub),204.92,140.72,31.96
HfMoNbTi,80.42999999999999,Refractory HEA Elastic Constants (GitHub),208.19,127.76,23.15
CrTiW,122.17999999999998,Refractory HEA Elastic Constants (GitHub),284.89,162.71,80.71
Nb2TaV,75.49000000000001,Refractory HEA Elastic Constants (GitHub),228.56,153.07,31.66
NbTi3,83.67999999999999,Refractory HEA Elastic Constants (GitHub),172.7,89.02,37.57
NbV,90.35,Refractory HEA Elastic Constants (GitHub),228.62,138.27,32.32
HfNb2W,135.54000000000002,Refractory HEA Elastic Constants (GitHub),264.74,129.2,40.35
HfTaW2,150.89999999999998,Refractory HEA Elastic Constants (GitHub),309.28,158.38,68.66
HfMoNbW,123.94999999999999,Refractory HEA Elastic Constants (GitHub),279.65,155.7,61.0
Cr2MoW,226.03,Refractory HEA Elastic Constants (GitHub),419.19,193.16,116.64
NbTaV,85.97,Refractory HEA Elastic Constants (GitHub),236.76,150.79,50.08
HfMoNbTa,107.25999999999999,Refractory HEA Elastic Constants (GitHub),248.29,141.03,50.67
Cr2ReW,257.95000000000005,Refractory HEA Elastic Constants (GitHub),461.23,203.28,130.59
Ta3V,110.79000000000002,Refractory HEA Elastic Constants (GitHub),264.93,154.14,53.31
HfNb,96.0,Refractory HEA Elastic Constants (GitHub),188.16,92.16,35.26
CrMo2W,239.07999999999998,Refractory HEA Elastic Constants (GitHub),423.03,183.95,118.52
MoReW,282.44000000000005,Refractory HEA Elastic Constants (GitHub),505.86,223.42,129.14
NbTi,77.06,Refractory HEA Elastic Constants (GitHub),185.81,108.75,28.03
Ta3Ti,101.16999999999999,Refractory HEA Elastic Constants (GitHub),236.32,135.15,43.03
Ti3V,91.70000000000002,Refractory HEA Elastic Constants (GitHub),180.8,89.1,45.04
HfTa2W,173.71,Refractory HEA Elastic Constants (GitHub),301.3,127.59,66.55
CrMoNb,165.68,Refractory HEA Elastic Constants (GitHub),325.57,159.89,103.74
Hf3Mo,76.68,Refractory HEA Elastic Constants (GitHub),169.78,93.1,48.27
Cr3Re,247.87,Refractory HEA Elastic Constants (GitHub),437.67,189.8,132.76
NbTiV,58.11,Refractory HEA Elastic Constants (GitHub),183.38,125.27,38.03
HfMoTaW,153.02999999999997,Refractory HEA Elastic Constants (GitHub),303.89,150.86,75.02
HfNbTiW,112.49000000000001,Refractory HEA Elastic Constants (GitHub),236.55,124.06,33.49
Nb2WZr,104.72,Refractory HEA Elastic Constants (GitHub),238.77,134.05,23.17
TaVWTiHf,89.53,Refractory HEA Elastic Constants (GitHub),236.93,147.4,62.27
NbTiV2,78.75,Refractory HEA Elastic Constants (GitHub),209.99,131.24,20.7
CrMo2Re,236.48,Refractory HEA Elastic Constants (GitHub),443.52,207.04,116.11
HfNbW2,137.62000000000003,Refractory HEA Elastic Constants (GitHub),296.29,158.67,58.59
NbTaVTiCr,22.19999999999999,Refractory HEA Elastic Constants (GitHub),194.7,172.5,47.23
HfMoTaTi,72.47,Refractory HEA Elastic Constants (GitHub),202.04,129.57,33.87
CrNbW,182.47999999999996,Refractory HEA Elastic Constants (GitHub),351.53,169.05,107.19
NbTaVWHf,82.9,Refractory HEA Elastic Constants (GitHub),245.75,162.85,56.28
NbZr,78.08,Refractory HEA Elastic Constants (GitHub),171.47,93.39,21.98
TaTiV2,66.97,Refractory HEA Elastic Constants (GitHub),206.7,139.73,35.95
Nb3Zr,65.25,Refractory HEA Elastic Constants (GitHub),184.75,119.5,35.05
HfNbW,121.37,Refractory HEA Elastic Constants (GitHub),250.88,129.51,45.94
CrMoReW,250.89000000000001,Refractory HEA Elastic Constants (GitHub),456.85,205.96,131.21
CrNbTiW,101.39999999999998,Refractory HEA Elastic Constants (GitHub),252.98,151.58,56.53
TaV,99.63,Refractory HEA Elastic Constants (GitHub),239.15,139.52,40.34
Ta2TiV,104.85,Refractory HEA Elastic Constants (GitHub),235.26,130.41,40.48
CrNbV,81.85,Refractory HEA Elastic Constants (GitHub),239.78,157.93,54.13
HfNb2Ta,99.58000000000001,Refractory HEA Elastic Constants (GitHub),224.96,125.38,35.76
TaTi3,83.84999999999998,Refractory HEA Elastic Constants (GitHub),183.64,99.79,36.84
NbTiZr,52.879999999999995,Refractory HEA Elastic Constants (GitHub),148.44,95.56,23.01
NbZr3,52.28999999999999,Refractory HEA Elastic Constants (GitHub),129.73,77.44,22.49
CrTi3,87.43,Refractory HEA Elastic Constants (GitHub),183.15,95.72,49.93
TaTiV,75.66,Refractory HEA Elastic Constants (GitHub),201.76,126.1,38.49
Nb2TaZr,71.88,Refractory HEA Elastic Constants (GitHub),195.81,123.93,30.11
NbTi2W,7.310000000000002,Refractory HEA Elastic Constants (GitHub),173.91,166.6,1.82
CrMoW,226.92000000000002,Refractory HEA Elastic Constants (GitHub),411.55,184.63,137.37
CrTaV,77.91999999999999,Refractory HEA Elastic Constants (GitHub),247.63,169.71,62.38
Hf2MoZr,85.42,Refractory HEA Elastic Constants (GitHub),176.25,90.83,22.84
NbTiWZr,80.20000000000002,Refractory HEA Elastic Constants (GitHub),209.49,129.29,27.48
HfTaW,137.59000000000003,Refractory HEA Elastic Constants (GitHub),268.1,130.51,53.43
HfMoZr2,79.80000000000001,Refractory HEA Elastic Constants (GitHub),171.12,91.32,19.08
CrW,258.41,Refractory HEA Elastic Constants (GitHub),454.91,196.5,109.89
NbTaVTiHf,55.28999999999999,Refractory HEA Elastic Constants (GitHub),192.84,137.55,36.52
HfNbTa,88.31,Refractory HEA Elastic Constants (GitHub),216.4,128.09,40.49
NbTaZr,67.31,Refractory HEA Elastic Constants (GitHub),178.78,111.47,34.09
HfNbTi,57.32000000000001,Refractory HEA Elastic Constants (GitHub),169.93,112.61,26.93
Hf3Nb,91.38,Refractory HEA Elastic Constants (GitHub),174.16,82.78,42.65
HfNbTaW,145.85,Refractory HEA Elastic Constants (GitHub),281.83,135.98,52.9
TaTi2W,107.66,Refractory HEA Elastic Constants (GitHub),242.77,135.11,6.97
NbTi2Zr,39.71000000000001,Refractory HEA Elastic Constants (GitHub),131.78,92.07,23.4
TaTi,83.74999999999999,Refractory HEA Elastic Constants (GitHub),198.39,114.64,48.19
HfNbTi2,61.99000000000001,Refractory HEA Elastic Constants (GitHub),152.09,90.1,32.36
NbTaVTiZr,39.389999999999986,Refractory HEA Elastic Constants (GitHub),171.73,132.34,39.38
NbTaTiHfZr,67.51,Refractory HEA Elastic Constants (GitHub),173.27,105.76,36.08
Cr3W,247.18,Refractory HEA Elastic Constants (GitHub),414.05,166.87,135.35
HfTa3,98.42999999999999,Refractory HEA Elastic Constants (GitHub),225.04,126.61,42.42
HfNbTa2,120.91999999999999,Refractory HEA Elastic Constants (GitHub),241.45,120.53,45.46
CrTa3,102.56000000000003,Refractory HEA Elastic Constants (GitHub),266.35,163.79,63.12
HfNbZr,91.06,Refractory HEA Elastic Constants (GitHub),167.62,76.56,28.83
Ta3Zr,86.57000000000001,Refractory HEA Elastic Constants (GitHub),210.37,123.8,39.87
NbTiZr2,57.84000000000002,Refractory HEA Elastic Constants (GitHub),133.08,75.24,24.45
NbTaWZr,125.03000000000003,Refractory HEA Elastic Constants (GitHub),259.54,134.51,43.86
CrNbTiV,79.47,Refractory HEA Elastic Constants (GitHub),222.79,143.32,20.0
Cr3Nb,181.5,Refractory HEA Elastic Constants (GitHub),338.14,156.64,114.91
HfNbTaTi,24.99000000000001,Refractory HEA Elastic Constants (GitHub),145.31,120.32,13.78
HfTa,113.17999999999999,Refractory HEA Elastic Constants (GitHub),207.19,94.01,59.06
NbTa2Zr,97.8,Refractory HEA Elastic Constants (GitHub),216.78,118.98,39.62
CrTi2W,91.72,Refractory HEA Elastic Constants (GitHub),240.23,148.51,38.39
TaZr3,50.41,Refractory HEA Elastic Constants (GitHub),132.23,81.82,16.72
HfTaTi,65.55000000000001,Refractory HEA Elastic Constants (GitHub),172.4,106.85,23.15
HfNbZr2,73.89999999999999,Refractory HEA Elastic Constants (GitHub),148.29,74.39,19.85
Nb2TiZr,38.19000000000001,Refractory HEA Elastic Constants (GitHub),155.77,117.58,14.58
HfTaTi2,57.000000000000014,Refractory HEA Elastic Constants (GitHub),145.99,88.99,36.88
Hf2NbZr,57.66999999999999,Refractory HEA Elastic Constants (GitHub),136.98,79.31,28.87
HfNb2V,70.93,Refractory HEA Elastic Constants (GitHub),191.87,120.94,24.84
CrTaTiV,119.08999999999997,Refractory HEA Elastic Constants (GitHub),267.95,148.86,33.14
TaTi2V,83.56,Refractory HEA Elastic Constants (GitHub),190.62,107.06,35.67
HfTaZr,64.81,Refractory HEA Elastic Constants (GitHub),158.88,94.07,26.96
HfNbTaZr,25.439999999999998,Refractory HEA Elastic Constants (GitHub),142.76,117.32,18.43
HfNb2Zr,43.97999999999999,Refractory HEA Elastic Constants (GitHub),154.95,110.97,21.22
HfNbTiZr,35.10000000000001,Refractory HEA Elastic Constants (GitHub),116.48,81.38,14.82
TaTiZr2,45.269999999999996,Refractory HEA Elastic Constants (GitHub),127.81,82.54,7.21
TaZr,93.81000000000002,Refractory HEA Elastic Constants (GitHub),213.02,119.21,46.89
HfTa2V,127.90000000000003,Refractory HEA Elastic Constants (GitHub),257.79,129.89,47.92
Hf2NbW,37.74000000000001,Refractory HEA Elastic Constants (GitHub),171.4,133.66,27.08
HfTaZr2,64.38999999999999,Refractory HEA Elastic Constants (GitHub),136.17,71.78,18.57
HfTaTiV,31.19999999999999,Refractory HEA Elastic Constants (GitHub),136.14,104.94,44.6
Hf2NbTa,111.66999999999999,Refractory HEA Elastic Constants (GitHub),199.2,87.53,25.01
HfTa2Ti,76.68,Refractory HEA Elastic Constants (GitHub),196.28,119.6,32.85
Hf2TaW,107.10999999999999,Refractory HEA Elastic Constants (GitHub),218.29,111.18,66.4
HfTa2Zr,72.72,Refractory HEA Elastic Constants (GitHub),183.29,110.57,11.85
NbTaZr2,85.97000000000003,Refractory HEA Elastic Constants (GitHub),305.48,219.51,34.22
